{"inputUnits":[99],"outputUnits":3,"inputs":{"0":{"dtype":"number","min":0.43268874287605286,"max":0.7337936162948608},"1":{"dtype":"number","min":0.23923087120056152,"max":0.6247482299804688},"2":{"dtype":"number","min":-1.270296573638916,"max":-0.30252978205680847},"3":{"dtype":"number","min":0.45729103684425354,"max":0.7818929553031921},"4":{"dtype":"number","min":0.19647008180618286,"max":0.5911949872970581},"5":{"dtype":"number","min":-1.2538297176361084,"max":-0.2990120053291321},"6":{"dtype":"number","min":0.47292810678482056,"max":0.8005804419517517},"7":{"dtype":"number","min":0.19894909858703613,"max":0.6152138710021973},"8":{"dtype":"number","min":-1.2538297176361084,"max":-0.2990120053291321},"9":{"dtype":"number","min":0.47729092836380005,"max":0.8135934472084045},"10":{"dtype":"number","min":0.20215129852294922,"max":0.6286653280258179},"11":{"dtype":"number","min":-1.2546138763427734,"max":-0.29928261041641235},"12":{"dtype":"number","min":0.4089546799659729,"max":0.7396520972251892},"13":{"dtype":"number","min":0.19594091176986694,"max":0.5254033803939819},"14":{"dtype":"number","min":-1.2499090433120728,"max":-0.3065887689590454},"15":{"dtype":"number","min":0.39456048607826233,"max":0.7272356748580933},"16":{"dtype":"number","min":0.19732028245925903,"max":0.5022141933441162},"17":{"dtype":"number","min":-1.2499090433120728,"max":-0.3065887689590454},"18":{"dtype":"number","min":0.38164225220680237,"max":0.7150850296020508},"19":{"dtype":"number","min":0.199476420879364,"max":0.4803725481033325},"20":{"dtype":"number","min":-1.2499090433120728,"max":-0.3068593740463257},"21":{"dtype":"number","min":0.4780237078666687,"max":0.8158062696456909},"22":{"dtype":"number","min":0.219748854637146,"max":0.6428264379501343},"23":{"dtype":"number","min":-1.0209420919418335,"max":-0.09559178352355957},"24":{"dtype":"number","min":0.3589048683643341,"max":0.6885802745819092},"25":{"dtype":"number","min":0.2124849557876587,"max":0.4789799451828003},"26":{"dtype":"number","min":-1.006043553352356,"max":-0.13025352358818054},"27":{"dtype":"number","min":0.4628179967403412,"max":0.7319918870925903},"28":{"dtype":"number","min":0.28896641731262207,"max":0.7147483825683594},"29":{"dtype":"number","min":-1.1683591604232788,"max":-0.274806946516037},"30":{"dtype":"number","min":0.40828025341033936,"max":0.6802419424057007},"31":{"dtype":"number","min":0.29180973768234253,"max":0.6446155309677124},"32":{"dtype":"number","min":-1.1644384860992432,"max":-0.2855318784713745},"33":{"dtype":"number","min":0.4927963614463806,"max":0.7591418623924255},"34":{"dtype":"number","min":0.36543554067611694,"max":1.0261257886886597},"35":{"dtype":"number","min":-0.8123624920845032,"max":0.021702444180846214},"36":{"dtype":"number","min":0.28394538164138794,"max":0.47219109535217285},"37":{"dtype":"number","min":0.36502605676651,"max":0.6678119897842407},"38":{"dtype":"number","min":-0.7607117295265198,"max":-0.03528347238898277},"39":{"dtype":"number","min":0.505073070526123,"max":0.7433580756187439},"40":{"dtype":"number","min":0.4438784122467041,"max":1.6318520307540894},"41":{"dtype":"number","min":-0.7841336727142334,"max":0.011222627013921738},"42":{"dtype":"number","min":0.1950833648443222,"max":0.5040978193283081},"43":{"dtype":"number","min":0.45166677236557007,"max":0.9929109811782837},"44":{"dtype":"number","min":-0.7567059993743896,"max":-0.0659307911992073},"45":{"dtype":"number","min":0.4901445806026459,"max":0.8665149211883545},"46":{"dtype":"number","min":0.35926634073257446,"max":1.9817068576812744},"47":{"dtype":"number","min":-0.917436420917511,"max":-0.053071245551109314},"48":{"dtype":"number","min":0.1286030113697052,"max":0.5122957229614258},"49":{"dtype":"number","min":0.3680553138256073,"max":1.3260703086853027},"50":{"dtype":"number","min":-0.9355713129043579,"max":-0.09832506626844406},"51":{"dtype":"number","min":0.48941391706466675,"max":0.9166717529296875},"52":{"dtype":"number","min":0.3024992346763611,"max":2.1077284812927246},"53":{"dtype":"number","min":-0.9848719239234924,"max":-0.05604783818125725},"54":{"dtype":"number","min":0.09484347701072693,"max":0.5141057968139648},"55":{"dtype":"number","min":0.30238181352615356,"max":1.4257863759994507},"56":{"dtype":"number","min":-1.0458730459213257,"max":-0.11967244744300842},"57":{"dtype":"number","min":0.4881393015384674,"max":0.897060751914978},"58":{"dtype":"number","min":0.28848469257354736,"max":2.0826921463012695},"59":{"dtype":"number","min":-1.0476025342941284,"max":-0.0625760406255722},"60":{"dtype":"number","min":0.1041901707649231,"max":0.5098111033439636},"61":{"dtype":"number","min":0.28119945526123047,"max":1.436382532119751},"62":{"dtype":"number","min":-1.087070107460022,"max":-0.12481383234262466},"63":{"dtype":"number","min":0.48642629384994507,"max":0.8738731145858765},"64":{"dtype":"number","min":0.3101819157600403,"max":2.033555269241333},"65":{"dtype":"number","min":-0.9535065293312073,"max":-0.055878713726997375},"66":{"dtype":"number","min":0.11950331926345825,"max":0.5091872215270996},"67":{"dtype":"number","min":0.3044782280921936,"max":1.396854043006897},"68":{"dtype":"number","min":-0.974774956703186,"max":-0.1023457944393158},"69":{"dtype":"number","min":0.39511293172836304,"max":0.6483614444732666},"70":{"dtype":"number","min":0.5608314275741577,"max":1.826240062713623},"71":{"dtype":"number","min":-0.03881045803427696,"max":0.12965437769889832},"72":{"dtype":"number","min":0.20591314136981964,"max":0.5286768674850464},"73":{"dtype":"number","min":0.5617421269416809,"max":1.6073882579803467},"74":{"dtype":"number","min":-0.12342498451471329,"max":0.04149637371301651},"75":{"dtype":"number","min":0.25199225544929504,"max":0.6612679362297058},"76":{"dtype":"number","min":0.6308863162994385,"max":2.5462403297424316},"77":{"dtype":"number","min":-0.39066243171691895,"max":0.06787656992673874},"78":{"dtype":"number","min":0.03612875938415527,"max":0.5625362396240234},"79":{"dtype":"number","min":0.6709193587303162,"max":2.401440143585205},"80":{"dtype":"number","min":-0.2732625901699066,"max":0.31326138973236084},"81":{"dtype":"number","min":0.08855938911437988,"max":0.6622650623321533},"82":{"dtype":"number","min":0.7137799263000488,"max":3.088681221008301},"83":{"dtype":"number","min":0.14274102449417114,"max":0.6461261510848999},"84":{"dtype":"number","min":-0.1839020848274231,"max":0.5487149953842163},"85":{"dtype":"number","min":0.7394953966140747,"max":3.053966522216797},"86":{"dtype":"number","min":-0.10066694021224976,"max":0.8452960848808289},"87":{"dtype":"number","min":0.053609445691108704,"max":0.6646513342857361},"88":{"dtype":"number","min":0.7269723415374756,"max":3.150891065597534},"89":{"dtype":"number","min":0.1543767750263214,"max":0.7061123847961426},"90":{"dtype":"number","min":-0.24046003818511963,"max":0.5543321371078491},"91":{"dtype":"number","min":0.7403052449226379,"max":3.1337966918945312},"92":{"dtype":"number","min":-0.08995239436626434,"max":0.8946965336799622},"93":{"dtype":"number","min":0.06912916898727417,"max":0.6447750329971313},"94":{"dtype":"number","min":0.7413736581802368,"max":3.342820167541504},"95":{"dtype":"number","min":0.014277138747274876,"max":0.5045900344848633},"96":{"dtype":"number","min":-0.1676497459411621,"max":0.545965850353241},"97":{"dtype":"number","min":0.782846212387085,"max":3.319692611694336},"98":{"dtype":"number","min":-0.4505094885826111,"max":0.6645532846450806}},"outputs":{"label":{"dtype":"string","min":0,"max":1,"uniqueValues":["one arm up","t pose","hands on hip"],"legend":{"one arm up":[1,0,0],"t pose":[0,1,0],"hands on hip":[0,0,1]}}},"isNormalized":true}